Title,Type,ID,Chapter
Fundamental Theorem of Calculus,Theorem,7.5.1,Riemann Integral
Algebraic Properties of Integrals,Theorem,7.4.2,Riemann Integral
Integrals add,Theorem,7.4.1,Riemann Integral
Integrating Discontinuous Functions,Theorem,7.3.2,Riemann Integral
Continuous Functions are Integrable,Theorem,7.2.9,Riemann Integral
Integrability Criterion,Theorem,7.2.8,Riemann Integral
Riemann Integrability,Definition,7.2.7,Riemann Integral
Upper and Lower Integrals,Definition,7.2.5,Riemann Integral
Refinement,Definition,7.2.2,Riemann Integral
Partition,Definition,7.2.1,Riemann Integral
L’hôpital’s Infinite Case,Theorem,5.3.8,Derivatives
Infinite Limit,Definition,5.3.7,Derivatives
L’hôpitals 0/0,Theorem,5.3.6,Derivatives
Generalized MVT,Theorem,5.3.5,Derivatives
Mean Value Theorem,Theorem,5.3.2,Derivatives
Rolle’s Theorem,Theorem,5.3.1,Derivatives
Interior Extremum Theorem,Theorem,5.2.6,Derivatives
Chain Rule,Theorem,5.2.5,Derivatives
Algebraic Differentiability Theorem,Theorem,5.2.4,Derivatives
Differentiable is Continuous,Theorem,5.2.3,Derivatives
Differentiability,Definition,5.2.1,Derivatives
Intermediate Value Property,Definition,4.5.3,Continuity
Preservation of Connected Sets,Theorem,4.5.2,Continuity
Intermediate Value Theorem,Theorem,4.5.1,Continuity
Uniform Continuity on Compact Sets,Theorem,4.4.7,Continuity
Absence of Uniform Continuity by Sequence Criterion,Theorem,4.4.5,Continuity
Uniform Continuity,Definition,4.4.4,Continuity
Extreme Value Theorem,Theorem,4.4.2,Continuity
Preservation of Compact Sets,Theorem,4.4.1,Continuity
Composition of Continuous Functions,Theorem,4.3.9,Continuity
Algebraic Continuity Theorem,Theorem,4.3.4,Continuity
Continuity Equivalences,Theorem,4.3.2,Continuity
Continuity,Definition,4.3.1,Continuity
Algebraic Limit Theorem for Functional Limits,Theorem,4.2.4,Continuity
Sequential Criteria for Functional Limits,Theorem,4.2.3,Continuity
Functional Limit,Definition,4.2.1,Continuity
Heine-Borel Theorem,Theorem,3.3.8,Topology of R
Open Cover,Definition,3.3.6,Topology of R
Nested Compact Set Property,Theorem,3.3.5,Topology of R
Compact is Closed and Bounded,Theorem,3.3.4,Topology of R
Bounded Set,Definition,3.3.3,Topology of R
Compact Set,Definition,3.3.1,Topology of R
Closure,Definition,3.2.11,Topology of R
Density of Q in R,Theorem,3.2.10,Real Numbers
Closed Set,Definition,3.2.07,Topology of R
Limit Point,Definition,3.2.04,Topology of R
Open Set,Definition,3.2.01,Topology of R
Absolute Rearragements,Theorem,2.7.10,Series
Rearrangements,Definition,2.7.09,Series
Absolute Convergence,Definition,2.7.08,Series
Alternating Series Test,Theorem,2.7.07,Series
Absolute Convergence Test,Theorem,2.7.06,Series
Series Comparison Test,Theorem,2.7.04,Series
Vanishing Terms in Convergent Series,Theorem,2.7.03,Series
Cauchy Criterion for Series,Theorem,2.7.02,Series
Algebraic Limits for Series,Theorem,2.7.01,Series
Cauchy Criterion,Theorem,2.6.4,Sequences
Cauchy Sequences are Bounded,Theorem,2.6.3,Sequences
Every Convergence is Cauchy,Theorem,2.6.2,Sequences
Cauchy Sequence,Definition,2.6.1,Sequences
Bolzano-Weierstrauss Theorem,Theorem,2.5.5,Sequences
Subsequences Converge to The Same Limit,Theorem,2.5.2,Sequences
Subsequence,Definition,2.5.1,Sequences
Convergence of a Series,Definition,2.4.3,Series
Monotone Convergence Theorem,Theorem,2.4.2,Sequences
Monotone Sequence,Definition,2.4.1,Sequences
Order Limit Theorems,Theorem,2.3.4,Sequences
Algebraic Limit Theorems,Theorem,2.3.3,Sequences
Every  convergent sequence is bounded,Theorem,2.3.2,Sequences
Bounded Sequence,Definition,2.3.1,Sequences
Convergence,Definition,2.2.3,Sequences
Nested Interval Theorem,Theorem,1.4.1,Real Numbers